url_path,views_total,views_unique
/jagoff/memo,110,64
/jagoff/memo/issues,11,4
/jagoff/memo/blob/master/docs/reference.md,11,3
/jagoff/memo/tree/master/.agents/skills/remotion-best-practices/remotion-maps/techniques,3,1
/jagoff/memo/pulls,2,2
/jagoff/memo/blame/chore/housekeeping-code-docs/docs/ubuntu.md,1,1
/jagoff/memo/blame/master/docs/ubuntu.md,1,1
/jagoff/memo/blob/master/.agents/skills/remotion-best-practices/remotion-maps/REFERENCE.md,1,1
/jagoff/memo/blob/master/README.md,1,1
/jagoff/memo/blob/master/docs/ubuntu.md,1,1
